symbol,atomic_number,atomic_radius,atomic_volume,block,boiling_point,density,dipole_polarizability,electron_affinity,electronic_configuration,evaporation_heat,fusion_heat,group_id,lattice_constant,lattice_structure,melting_point,name,period,series_id,specific_heat,thermal_conductivity,vdw_radius,covalent_radius_cordero,covalent_radius_pyykko,en_pauling,en_allen,jmol_color,cpk_color,proton_affinity,gas_basicity,heat_of_formation,c6,covalent_radius_bragg,covalent_radius_slater,vdw_radius_bondi,vdw_radius_truhlar,vdw_radius_rt,vdw_radius_batsanov,vdw_radius_dreiding,vdw_radius_uff,vdw_radius_mm3,abundance_crust,abundance_sea,molcas_gv_color,en_ghosh,vdw_radius_alvarez,c6_gb,atomic_weight,atomic_weight_uncertainty,is_monoisotopic,is_radioactive,cas,atomic_radius_rahm,metallic_radius,metallic_radius_c12,covalent_radius_pyykko_double,covalent_radius_pyykko_triple,discovery_year,mendeleev_number,dipole_polarizability_unc,pettifor_number,glawe_number,magp_column,magp_electron_affinity,magp_atomic_volume,magp_atomic_masses,magp_valence_d,magp_valence_s,magp_T_melt,magp_electronegativity,magp_unfilled_f,magp_valence_p,magp_unfilled_d,magp_valence_f,magp_row,magp_unfilled,magp_valence,magp_T_boil,magp_magnetic_moment,magp_cohesive_energy,magp_density,magp_covalent_radius,magp_polarizability,wiki_valence,imat_electron_affinity,imat_electronegativity,imat_electron_binding_energy,imat_atomic_radius,imat_valence,imat_cohesive_energy,imat_ionization_energy,ase_magnetic_moment,pymg_atomic_radius,pymg_electronegativity,ionization_energy
H,1,79.0,14.1,s,20.28,0.0708,4.50711,0.754195,1s,0.904,0.117,1.0,3.75,HEX,14.01,Hydrogen,1,1,,0.1815,110.00000000000001,31.0,32.0,2.2,13.61,#ffffff,#ffffff,,,217.998,6.499026705,,25.0,120.0,,110.00000000000001,,319.5,288.6,162.0,1400.0,108000.0,#f2f2f2,0.2638,120.0,6.51,1.008,,,False,1333-74-0,154.0,,78.0,,,1766.0,105,3e-05,103.0,103.0,1.0,73.0,18618.05194,1.008,0.0,1.0,14.01,2.2,0.0,0.0,0.0,0.0,1.0,1.0,1.0,20.13,1.0,,0.0899,0.31,0.6667930000000001,1.0,73.0,2.1,13.6,37.0,1.0,,13.5984,1.0,0.25,2.2,13.598434005136
He,2,,31.8,s,4.216,0.147,1.38375,-19.7,1s2,0.08,,18.0,3.57,HEX,0.95,Helium,1,2,5.188,0.152,140.0,28.000000000000004,46.0,,24.59,#d9ffff,#ffc0cb,177.8,148.5,,1.42,,,140.0,,,,,236.20000000000002,153.0,0.008,7.000000000000001e-06,#d9ffff,0.442712,143.0,1.47,4.002602,2e-06,,False,7440-59-7,134.0,,122.0,,,1895.0,112,2e-05,1.0,1.0,18.0,0.0,37236.035560000004,4.0026,0.0,2.0,,0.0,0.0,0.0,0.0,0.0,1.0,0.0,2.0,4.07,0.0,,0.1785,0.28,0.2050522,2.0,0.0,0.0,24.6,32.0,0.0,,24.5873,0.0,,,24.587387936
Li,3,155.0,13.1,s,1118.15,0.534,164.1125,0.618049,[He] 2s,148.0,2.89,1.0,3.49,BCC,553.69,Lithium,2,3,3.489,84.8,182.0,128.0,133.0,0.98,5.392,#cc80ff,#b22222,,,159.3,1392.0,150.0,145.0,181.0,,,220.00000000000003,,245.1,254.99999999999997,20.0,0.18,#cc80ff,0.105093,212.0,1410.0,6.94,,,False,7439-93-2,220.00000000000003,123.0,155.0,124.0,,1817.0,1,0.0005,12.0,12.0,1.0,60.0,21.54405808,6.94,0.0,1.0,453.69,0.98,0.0,0.0,0.0,0.0,2.0,1.0,1.0,1615.0,1.0,1.63,535.0,1.28,24.335,1.0,60.0,0.98,54.7,134.0,1.0,1.63,0.98,1.0,1.45,0.98,5.391714761
Be,4,112.0,5.0,s,3243.0,1.848,37.74,-2.4,[He] 2s2,309.0,12.21,2.0,2.29,HEX,1551.0,Beryllium,2,4,1.824,201.0,153.0,96.0,102.0,1.57,9.323,#c2ff00,#ff1493,,,324.0,227.0,114.99999999999999,105.0,,153.0,,190.0,,274.5,223.0,2.8,5.6e-06,#c2ff00,0.144986,198.0,214.0,9.0121831,5e-07,True,False,7440-41-7,219.0,89.0,112.0,90.0,85.0,1798.0,75,0.03,77.0,77.0,2.0,0.0,8.098176455,9.01218,0.0,2.0,1560.0,1.57,0.0,0.0,0.0,0.0,2.0,0.0,2.0,2743.0,0.0,3.32,1848.0,0.96,5.6,2.0,0.0,1.57,111.5,90.0,2.0,3.32,9.3227,0.0,1.05,1.57,9.322699
B,5,98.0,4.6,p,3931.0,2.34,20.5,0.279723,[He] 2s2 2p,504.5,23.6,13.0,8.73,TET,2573.0,Boron,2,5,1.025,27.4,192.0,84.0,85.0,2.04,12.13,#ffb5b5,#00ff00,,,565.0,99.5,,85.0,,192.0,,180.0,401.99999999999994,408.3,215.0,10.0,4.44,#ffb5b5,0.184886,191.0,99.2,10.81,,,False,7440-42-8,204.99999999999997,80.0,98.0,78.0,73.0,1808.0,81,0.1,86.0,86.0,13.0,27.0,7.297767265,10.81,0.0,2.0,2348.0,2.04,0.0,1.0,0.0,0.0,2.0,5.0,3.0,4273.0,1.0,5.81,2460.0,0.84,3.03,3.0,27.0,2.04,188.0,82.0,3.0,5.81,8.298,1.0,0.85,2.04,8.298019
C,6,91.0,5.3,p,5100.0,2.25,11.3,1.262119,[He] 2s2 2p2,,,14.0,3.57,DIA,3820.0,Carbon,2,1,0.711,1.59,170.0,73.0,75.0,2.55,15.05,#909090,#c8c8c8,,,716.87,46.6,77.0,70.0,170.0,,177.0,170.0,389.83,385.1,204.0,200.0,28.0,#555555,0.22477600000000003,177.0,47.9,12.011,,,False,7440-44-0,190.0,,86.0,67.0,60.0,,87,0.2,95.0,87.0,14.0,154.0,8.825089715,12.011,0.0,2.0,3823.0,2.55,0.0,2.0,0.0,0.0,2.0,4.0,4.0,4300.0,2.0,7.37,2260.0,0.76,1.67,4.0,154.0,2.55,284.2,77.0,4.0,7.37,11.2603,2.0,0.7,2.55,11.260296
N,7,92.0,17.3,p,77.4,0.808,7.4,-1.4,[He] 2s2 2p3,,,15.0,4.039,HEX,63.29,Nitrogen,2,1,,0.026,155.0,71.0,71.0,3.04,18.13,#3050f8,#8f8fff,342.2,318.7,472.44,24.2,65.0,65.0,155.0,,164.0,160.0,366.21000000000004,366.0,193.0,19.0,0.5,#3753bb,0.26493,166.0,25.7,14.007,,,False,7727-37-9,179.0,,53.0,60.0,54.0,1772.0,93,0.2,100.0,88.0,15.0,0.0,18592.49897,14.007,0.0,2.0,63.05,3.04,0.0,3.0,0.0,0.0,2.0,3.0,5.0,77.21,3.0,4.92,1.251,0.71,1.1,5.0,7.0,3.04,37.3,75.0,5.0,4.92,14.5341,3.0,0.65,3.04,14.53413
O,8,,14.0,p,90.19,1.149,5.3,1.4611135,[He] 2s2 2p4,,,16.0,6.83,CUB,54.8,Oxygen,2,1,,0.027,152.0,66.0,63.0,3.44,21.36,#ff0d0d,#f00000,485.2,459.6,249.229,15.6,65.0,60.0,152.0,,158.0,155.0,340.46,350.0,182.0,461000.0,857000.0,#f32e42,0.304575,150.0,16.7,15.999,,,False,7782-44-7,171.0,,,57.0,53.0,1774.0,99,0.2,101.0,97.0,16.0,141.0,18592.19717,15.999,0.0,2.0,54.8,3.44,0.0,4.0,0.0,0.0,2.0,2.0,6.0,90.1,2.0,2.6,1.429,0.66,0.802,6.0,141.0,3.44,41.6,73.0,6.0,2.6,13.618,2.0,0.6,3.44,13.618054
F,9,,17.1,p,85.01,1.108,3.74,3.4011897000000006,[He] 2s2 2p5,6.54,0.51,17.0,,MCL,53.53,Fluorine,2,6,,0.028,147.0,56.99999999999999,64.0,3.98,24.8,#90e050,#daa520,340.1,315.1,79.335,9.52,67.0,50.0,147.0,,146.0,150.0,347.2,336.4,171.0,585.0,1.3,#7fd03b,0.344443,146.0,10.2,18.998403163,6.000000000000001e-09,True,False,7782-41-4,163.0,,,59.0,53.0,1886.0,106,0.08,102.0,102.0,17.0,328.0,18601.60857,18.9984,0.0,2.0,53.5,3.98,0.0,5.0,0.0,0.0,2.0,1.0,7.0,84.88,1.0,0.84,1.696,0.57,0.557,7.0,328.0,3.98,696.7,71.0,7.0,0.84,8.5,1.0,0.5,3.98,17.42282
Ne,10,,16.8,p,27.1,1.204,2.6611,,[He] 2s2 2p6,1.74,,18.0,4.43,FCC,48.0,Neon,2,2,1.029,,154.0,57.99999999999999,67.0,,28.31,#b3e3f5,#ff1493,198.8,174.4,,6.2,,,154.0,,181.0,,,324.3,160.0,0.005,0.00011999999999999999,#b3e3f5,0.38439,158.0,6.91,20.1797,0.0006000000000000001,,False,7440-01-9,156.0,,,96.0,,1898.0,113,3e-05,2.0,2.0,18.0,0.0,37232.18569,20.1797,0.0,2.0,24.56,0.0,0.0,6.0,0.0,0.0,2.0,0.0,8.0,26.92,0.0,0.02,0.9,0.58,0.39432,8.0,0.0,0.0,21.6,69.0,0.0,0.02,21.5645,0.0,,,21.56454
Na,11,190.0,23.7,s,1156.1,0.971,162.7,0.547926,[Ne] 3s,97.9,2.64,1.0,4.23,BCC,370.96,Sodium,3,3,1.222,142.0,227.0,166.0,155.0,0.93,5.14,#ab5cf2,#0000ff,,,107.5,1518.0,177.0,180.0,227.0,,176.0,240.0,,298.3,270.0,23600.0,10800.0,#ab5cf2,0.093214,250.0,1570.0,22.98976928,2e-08,True,False,7440-23-5,225.0,157.0,190.0,160.0,,1807.0,2,0.5,11.0,11.0,1.0,53.0,39.43832888,22.98977,0.0,1.0,370.87,0.93,0.0,0.0,0.0,0.0,3.0,1.0,1.0,1156.0,1.0,1.11,968.0,1.66,24.11,1.0,53.0,0.93,30.8,154.0,1.0,1.11,0.93,1.0,1.8,0.93,5.1390767
Mg,12,160.0,14.0,s,1363.0,1.738,71.2,,[Ne] 3s2,131.8,9.2,2.0,3.21,HEX,922.0,Magnesium,3,4,1.025,156.0,173.0,141.0,139.0,1.31,7.646,#8aff00,#228b22,819.6,797.3,147.1,626.0,142.0,150.0,173.0,,187.0,220.00000000000003,,302.1,243.00000000000003,23300.0,1290.0,#8aff00,0.121644,251.0,629.0,24.305,,,False,7439-95-4,240.0,136.0,160.0,132.0,127.0,1808.0,76,0.4,73.0,73.0,2.0,0.0,23.2222931,24.305,0.0,2.0,923.0,1.31,0.0,0.0,0.0,0.0,3.0,0.0,2.0,1363.0,0.0,1.51,1738.0,1.41,10.76666667,2.0,0.0,1.31,49.5,130.0,2.0,1.51,7.6462,0.0,1.5,1.31,7.646235
Al,13,143.0,10.0,p,2740.0,2.6989,57.8,0.43283,[Ne] 3s2 3p,284.1,10.75,13.0,4.05,FCC,933.5,Aluminum,3,7,0.9,237.0,184.0,121.0,126.0,1.61,9.539,#bfa6a6,#808090,,,330.9,528.0,135.0,125.0,,184.0,202.99999999999997,210.0,438.99999999999994,449.9,236.0,82300.0,0.002,#bfa6a6,0.150078,225.0,520.0,26.9815385,7e-07,True,False,7429-90-5,239.0,125.0,143.0,113.0,111.0,1825.0,82,1.0,80.0,78.0,13.0,43.0,16.59442452,26.981540000000003,0.0,2.0,933.47,1.61,0.0,1.0,0.0,0.0,3.0,5.0,3.0,2792.0,1.0,3.39,2700.0,1.21,6.8,3.0,43.0,1.61,72.5,118.0,3.0,3.39,5.9857,1.0,1.25,1.61,5.9857684
Si,14,132.0,12.1,p,2628.0,2.33,37.3,1.3895211,[Ne] 3s2 3p2,383.0,50.6,14.0,5.43,DIA,1683.0,Silicon,3,5,0.703,149.0,210.0,111.00000000000001,115.99999999999999,1.9,11.33,#f0c8a0,#daa520,837.0,814.1,450.0,305.0,117.0,110.00000000000001,210.0,,,210.0,426.99999999999994,429.5,229.0,282000.0,2.2,#f0c8a0,0.178503,219.0,308.0,28.085,,,False,7440-21-3,231.99999999999997,117.0,138.0,107.0,102.0,1824.0,88,0.7,85.0,85.0,14.0,134.0,20.01637772,28.085,0.0,2.0,1687.0,1.9,0.0,2.0,0.0,0.0,3.0,4.0,4.0,3173.0,2.0,4.63,2330.0,1.11,5.53,4.0,134.0,1.9,99.4,111.0,4.0,4.63,1.9,2.0,1.1,1.9,8.151683
P,15,128.0,17.0,p,553.0,1.82,25.0,0.746607,[Ne] 3s2 3p3,49.8,2.51,15.0,7.17,CUB,317.3,Phosphorus,3,1,0.757,,180.0,107.0,111.00000000000001,2.19,13.33,#ff8000,#ffa500,626.8,604.8,316.5,185.0,,100.0,180.0,,,195.0,415.00000000000006,414.70000000000005,222.00000000000003,1050.0,0.06,#ff8000,0.206931,190.0,187.0,30.973761998,5e-09,True,False,7723-14-0,223.0,110.0,128.0,102.0,94.0,1669.0,94,1.0,90.0,89.0,15.0,72.0,28.21412182,30.97376,0.0,2.0,317.3,2.19,0.0,3.0,0.0,0.0,3.0,3.0,5.0,553.5,3.0,3.43,1823.0,1.07,3.63,5.0,72.0,2.19,135.0,106.0,5.0,3.43,10.4866,3.0,1.0,2.19,10.486686
S,16,127.0,15.5,p,717.824,2.07,19.4,2.07710403,[Ne] 3s2 3p4,10.5,1.23,16.0,10.47,ORC,386.0,Sulfur,3,1,0.732,0.27,180.0,105.0,103.0,2.58,15.31,#ffff30,#ffc832,664.3,640.2,277.17,134.0,102.0,100.0,180.0,,,180.0,403.0,403.5,215.0,350.0,905.0,#fff529,0.23596,189.0,140.0,32.06,,,False,7704-34-9,214.0,104.0,127.0,94.0,95.0,,100,0.1,94.0,96.0,16.0,200.0,27.16654579,32.06,0.0,2.0,388.36,2.58,0.0,4.0,0.0,0.0,3.0,2.0,6.0,717.72,2.0,2.85,1960.0,1.05,2.9,6.0,200.0,2.58,162.5,102.0,6.0,2.85,2.58,2.0,1.0,2.58,10.36001
Cl,17,,18.7,p,238.6,1.56,14.6,3.612725,[Ne] 3s2 3p5,20.41,6.41,17.0,6.24,ORC,172.2,Chlorine,3,6,,0.009,175.0,102.0,99.0,3.16,16.97,#1ff01f,#00ff00,513.6,490.1,121.302,94.6,105.0,100.0,175.0,,,180.0,395.03,394.7,206.99999999999997,145.0,19400.0,#38b538,0.263803,182.0,97.1,35.45,,,False,7782-50-5,206.0,,91.0,95.0,93.0,1774.0,107,0.1,99.0,101.0,17.0,349.0,18317.50704,35.45,0.0,2.0,171.6,3.16,0.0,5.0,0.0,0.0,3.0,1.0,7.0,238.96,1.0,1.4,3.214,1.02,2.18,7.0,349.0,3.16,200.0,99.0,7.0,1.4,12.9676,1.0,1.0,3.16,12.96763
Ar,18,,24.2,p,87.3,1.4,11.083,-11.5,[Ne] 3s2 3p6,6.52,,18.0,5.26,FCC,83.8,Argon,3,2,0.138,0.0177,188.0,106.0,96.0,,19.17,#80d1e3,#ff1493,369.2,346.3,,64.2,,,188.0,,,,,386.8,199.0,3.5,0.45,#80d1e3,0.2922,194.0,67.4,39.948,0.001,,False,7440-37-1,197.0,,,107.0,96.0,1894.0,114,0.007,3.0,3.0,18.0,0.0,37184.28542,39.948,0.0,2.0,83.8,0.0,0.0,6.0,0.0,0.0,3.0,0.0,8.0,87.2,0.0,0.08,1.784,1.06,1.6411,8.0,0.0,0.0,15.7,97.0,0.0,0.08,15.759,0.0,0.71,,15.7596112
K,19,235.0,45.3,s,1047.0,0.856,289.7,0.50147,[Ar] 4s,2.33,102.5,1.0,5.23,BCC,336.8,Potassium,4,3,0.753,79.0,275.0,202.99999999999997,196.0,0.82,4.34,#8f40d4,#ff1493,,,89.0,3923.0,206.99999999999997,220.00000000000003,275.0,,,280.0,,381.2,309.0,20900.0,399.0,#8f40d4,0.0981896,273.0,3910.0,39.0983,0.0001,,False,7440-09-7,234.0,203.0,235.0,193.0,,1807.0,3,0.3,10.0,10.0,1.0,48.0,75.84786468,39.0983,0.0,1.0,336.53,0.82,0.0,0.0,0.0,0.0,4.0,1.0,1.0,1032.0,1.0,0.93,856.0,2.03,43.23,1.0,48.0,0.82,18.3,196.0,1.0,0.93,4.3406,1.0,2.2,0.82,4.34066354
Ca,20,197.0,29.9,s,1757.0,1.55,160.8,0.02455,[Ar] 4s2,153.6,9.2,2.0,5.58,FCC,1112.0,Calcium,4,4,0.653,,231.0,176.0,171.0,1.0,6.1129999999999995,#3dff00,#808090,,,177.8,2163.0,170.0,180.0,,231.0,,240.0,,339.9,281.0,41500.0,412.0,#3dff00,0.1154119,262.0,2230.0,40.078,0.004,,False,7440-70-2,270.0,174.0,197.0,147.0,133.0,1808.0,7,4.0,16.0,16.0,2.0,2.0,42.9371873,40.078,0.0,2.0,1115.0,1.0,0.0,0.0,0.0,0.0,4.0,0.0,2.0,1757.0,0.0,1.8419999999999999,1550.0,1.76,25.73333333,2.0,2.0,1.0,25.4,174.0,2.0,1.8419999999999999,6.1131,0.0,1.8,1.0,6.1131552
Sc,21,162.0,15.0,d,3104.0,2.99,97.0,0.188,[Ar] 3d 4s2,332.7,15.8,3.0,3.31,HEX,1814.0,Scandium,4,8,0.556,15.8,215.0,170.0,148.0,1.36,7.042000000000001,#e6e6e6,#ff1493,914.0,892.0,377.8,1383.0,,160.0,,,,229.99999999999997,,329.5,261.0,22.0,6e-07,#e6e6e6,0.11938330000000001,258.0,1570.0,44.955908,4.9999999999999996e-06,True,False,7440-20-2,263.0,144.0,162.0,116.0,114.0,1879.0,11,10.0,20.0,48.0,3.0,18.0,25.00931092,44.955909999999996,1.0,2.0,1814.0,1.36,0.0,0.0,9.0,0.0,4.0,9.0,3.0,3103.0,1.0,3.9,2985.0,1.7,17.8,2.0,18.0,1.36,28.3,144.0,3.0,3.9,1.36,1.0,1.6,1.36,6.56149
Ti,22,147.0,10.6,d,3560.0,4.54,100.0,0.079,[Ar] 3d2 4s2,422.6,18.8,4.0,2.95,HEX,1933.0,Titanium,4,8,0.523,21.9,211.0,160.0,136.0,1.54,8.17,#bfc2c7,#808090,876.0,853.7,473.0,1044.0,140.0,140.0,,,,215.0,,317.5,239.0,5650.0,0.001,#bfc2c7,0.12336369999999999,246.0,1200.0,47.867,0.001,,False,7440-32-6,257.0,132.0,147.0,117.0,108.0,1791.0,43,10.0,51.0,51.0,4.0,8.0,17.63631716,47.867,2.0,2.0,1941.0,1.54,0.0,0.0,8.0,0.0,4.0,8.0,4.0,3560.0,2.0,4.85,4507.0,1.6,14.6,2.0,8.0,1.54,32.6,136.0,4.0,4.85,1.54,2.0,1.4,1.54,6.82812
V,23,134.0,8.35,d,3650.0,6.11,87.0,0.525,[Ar] 3d3 4s2,460.0,17.5,5.0,3.02,BCC,2160.0,Vanadium,4,8,0.485,30.7,206.99999999999997,153.0,134.0,1.63,9.062999999999999,#a6a6ab,#ff1493,859.4,836.8,515.5,832.0,,135.0,,,,204.99999999999997,,314.4,229.0,120.0,0.0025,#a6a6ab,0.12733440000000001,242.0,955.0,50.9415,0.0001,,False,7440-62-2,252.0,122.0,134.0,112.0,106.0,1830.0,47,10.0,54.0,54.0,5.0,51.0,13.84489822,50.9415,3.0,2.0,2183.0,1.63,0.0,0.0,7.0,0.0,4.0,7.0,5.0,3680.0,3.0,5.31,6110.0,1.53,12.4,2.0,51.0,1.63,37.2,125.0,5.0,5.31,1.63,3.0,1.35,1.63,6.746187
Cr,24,130.0,7.23,d,2945.0,7.18,83.0,0.6659999999999999,[Ar] 3d5 4s,342.0,21.0,6.0,2.88,BCC,2130.0,Chromium,4,8,0.488,93.9,206.0,139.0,122.0,1.66,9.77,#8a99c7,#808090,791.3,768.4,397.48,602.0,140.0,140.0,,,,204.99999999999997,,302.3,225.0,102.0,0.0003,#8a99c7,0.13130529999999999,245.0,709.0,51.9961,0.0006000000000000001,,False,7440-47-3,233.0,119.0,128.0,111.0,103.0,1797.0,51,12.0,57.0,55.0,6.0,64.0,12.09293747,51.9961,5.0,1.0,2180.0,1.66,0.0,0.0,5.0,0.0,4.0,6.0,6.0,2944.0,6.0,4.1,7140.0,1.39,11.6,1.0,64.0,1.66,42.2,127.0,6.0,4.1,6.7665,6.0,1.4,1.66,6.76651
Mn,25,135.0,7.39,d,2235.0,7.21,68.0,,[Ar] 3d5 4s2,221.0,13.4,7.0,8.89,CUB,1517.0,Manganese,4,8,0.477,,204.99999999999997,150.0,119.0,1.55,10.34,#9c7ac7,#808090,797.3,774.4,283.3,552.0,147.0,140.0,,,,204.99999999999997,,296.1,224.00000000000003,950.0,0.0002,#9c7ac7,0.1352844,245.0,635.0,54.938044,3e-06,True,False,7439-96-5,242.0,118.0,127.0,105.0,103.0,1774.0,55,9.0,60.0,72.0,7.0,0.0,12.21270447,54.93804,5.0,2.0,1519.0,1.55,0.0,0.0,5.0,0.0,4.0,5.0,7.0,2334.0,5.0,2.98,7470.0,1.39,9.4,2.0,0.0,1.55,47.2,139.0,7.0,0.67,7.434,5.0,1.4,1.55,7.434018
Fe,26,126.0,7.1,d,3023.0,7.874,62.0,0.151,[Ar] 3d6 4s2,340.0,13.8,8.0,2.87,BCC,1808.0,Iron,4,8,0.443,80.4,204.0,142.0,115.99999999999999,1.83,10.64,#e06633,#ffa500,754.0,731.1,415.5,482.0,140.0,140.0,,,,204.99999999999997,,291.2,223.0,56300.0,0.002,#e06633,0.13925320000000002,244.0,548.0,55.845,0.002,,False,7439-89-6,225.99999999999997,117.0,126.0,109.0,102.0,,59,4.0,61.0,71.0,8.0,16.0,11.77736497,55.845,6.0,2.0,1811.0,1.83,0.0,0.0,4.0,0.0,4.0,4.0,8.0,3134.0,4.0,4.28,7874.0,1.32,8.4,2.0,16.0,1.83,52.7,125.0,8.0,4.28,7.9024,4.0,1.4,1.83,7.9024678
Co,27,125.0,6.7,d,3143.0,8.9,55.0,0.66225646,[Ar] 3d7 4s2,389.1,15.48,9.0,2.51,HEX,1768.0,Cobalt,4,8,0.456,100.0,200.0,138.0,111.00000000000001,1.88,10.86,#f090a0,#ff1493,742.7,719.8,426.7,408.0,137.0,135.0,,,,200.0,,287.2,223.0,25.0,2e-05,#f090a0,0.14323629999999998,240.0,461.0,58.933194,4e-06,True,False,7440-48-4,222.00000000000003,116.0,125.0,103.0,96.0,1739.0,63,4.0,64.0,70.0,9.0,64.0,10.99586068,58.93319,7.0,2.0,1768.0,1.88,0.0,0.0,3.0,0.0,4.0,3.0,9.0,3200.0,3.0,4.39,8900.0,1.26,7.5,2.0,64.0,1.88,58.9,126.0,9.0,4.39,7.881,3.0,1.35,1.88,7.88101
Ni,28,124.0,6.6,d,3005.0,8.902,49.0,1.156,[Ar] 3d8 4s2,378.6,17.61,10.0,3.52,FCC,1726.0,Nickel,4,8,0.443,90.9,197.0,124.0,110.00000000000001,1.91,11.13,#50d050,#a52a2a,737.0,714.1,430.1,373.0,135.0,135.0,,,,200.0,,283.4,222.00000000000003,84.0,0.00056,#50d050,0.1472068,240.0,393.0,58.6934,0.0004,,False,7440-02-0,219.0,115.0,124.0,101.0,101.0,1751.0,67,3.0,67.0,69.0,10.0,112.0,10.94128444,58.6934,8.0,2.0,1728.0,1.91,0.0,0.0,2.0,0.0,4.0,2.0,10.0,3186.0,2.0,4.44,8908.0,1.24,6.8,2.0,112.0,1.91,66.2,121.0,10.0,4.44,7.6398,2.0,1.35,1.91,7.639877
Cu,29,128.0,7.1,d,2840.0,8.96,46.5,1.235,[Ar] 3d10 4s,304.6,13.01,11.0,3.61,FCC,1356.6,Copper,4,8,0.385,401.0,196.0,132.0,112.00000000000001,1.9,10.96,#c88033,#a52a2a,655.3,632.4,337.4,253.0,137.0,135.0,,,,200.0,,349.5,225.99999999999997,60.0,0.00025,#c88033,0.15117160000000002,238.0,264.0,63.546,0.003,,False,7440-50-8,217.0,118.0,128.0,115.0,120.0,,71,0.5,72.0,68.0,11.0,118.0,11.82994193,63.546,10.0,1.0,1357.77,1.9,0.0,0.0,0.0,0.0,4.0,1.0,11.0,3200.0,1.0,3.49,8920.0,1.32,6.15,1.0,118.0,1.9,75.1,138.0,1.0,3.49,7.7263,1.0,1.35,1.9,7.72638
Zn,30,138.0,9.2,d,1180.0,7.133,38.67,,[Ar] 3d10 4s2,114.8,7.28,12.0,2.66,HEX,692.73,Zinc,4,8,0.388,116.0,200.99999999999997,122.0,118.0,1.65,9.395,#7d80b0,#a52a2a,608.6,586.0,130.4,284.0,132.0,135.0,,,,210.0,,276.3,229.0,70.0,0.0049,#7d80b0,0.15515179999999998,239.0,276.0,65.38,0.02,,False,7440-66-6,222.00000000000003,121.0,134.0,120.0,,,77,0.3,76.0,74.0,12.0,0.0,15.20568373,65.38,10.0,2.0,692.68,1.65,0.0,0.0,0.0,0.0,4.0,0.0,12.0,1180.0,0.0,1.35,7140.0,1.22,5.816666667000001,2.0,0.0,1.65,10.1,131.0,2.0,1.35,1.65,0.0,1.35,1.65,9.394199
Ga,31,141.0,11.8,p,2676.0,5.91,50.0,0.43,[Ar] 3d10 4s2 4p,270.3,5.59,13.0,4.51,ORC,302.93,Gallium,4,7,0.372,28.1,187.0,122.0,124.0,1.81,10.39,#c28f8f,#ff1493,,,271.96,498.0,,130.0,187.0,,,210.0,438.99999999999994,438.3,246.0,19.0,2.9999999999999997e-05,#c28f8f,0.17237729999999998,232.0,456.0,69.723,0.001,,False,7440-55-3,233.0,125.0,140.0,117.0,121.0,1875.0,83,3.0,81.0,79.0,13.0,29.0,19.61051348,69.723,10.0,2.0,302.91,1.81,0.0,1.0,0.0,0.0,4.0,5.0,13.0,2477.0,1.0,2.81,5904.0,1.22,8.12,3.0,29.0,1.81,18.7,126.0,3.0,2.81,5.9993,1.0,1.3,1.81,5.9993018
Ge,32,137.0,13.6,p,3103.0,5.323,40.0,1.232712,[Ar] 3d10 4s2 4p2,328.0,36.8,14.0,5.66,DIA,1210.6,Germanium,4,5,0.322,60.2,211.0,120.0,121.0,2.01,11.8,#668f8f,#ff1493,,,372.0,354.0,,125.0,,211.0,,210.0,426.99999999999994,428.0,244.0,1.5,5e-05,#668f8f,0.1895892,229.0,365.0,72.63,0.008,,False,7440-56-4,234.0,124.0,144.0,111.0,114.0,1886.0,89,1.0,84.0,84.0,14.0,119.0,22.66097638,72.63,10.0,2.0,1211.4,2.01,0.0,2.0,0.0,0.0,4.0,4.0,14.0,3093.0,2.0,3.85,5323.0,1.2,5.84,4.0,119.0,2.01,29.2,122.0,4.0,3.85,7.8994,2.0,1.25,2.01,7.899435
As,33,139.0,13.1,p,876.0,5.73,30.0,0.804,[Ar] 3d10 4s2 4p3,32.4,,15.0,4.13,RHL,1090.0,Arsenic,4,5,0.328,,185.0,119.0,121.0,2.18,13.08,#bd80e3,#ff1493,,,302.5,246.0,126.0,114.99999999999999,185.0,,,204.99999999999997,415.00000000000006,423.00000000000006,236.0,1.8,0.0037,#bd80e3,0.2068208,188.0,260.0,74.921595,6e-06,True,False,7440-38-2,231.0,121.0,148.0,114.0,106.0,,95,1.0,89.0,90.0,15.0,78.0,21.72396574,74.92159000000001,10.0,2.0,1090.0,2.18,0.0,3.0,0.0,0.0,4.0,3.0,15.0,887.0,3.0,2.96,5727.0,1.19,4.31,5.0,78.0,2.18,41.7,119.0,5.0,2.96,9.7886,3.0,1.15,2.18,9.789
Se,34,140.0,16.5,p,958.1,4.79,28.9,2.02067,[Ar] 3d10 4s2 4p4,59.7,5.23,16.0,4.36,HEX,490.0,Selenium,4,1,,0.52,190.0,120.0,115.99999999999999,2.55,14.34,#ffa100,#ff1493,,,227.2,210.0,117.0,114.99999999999999,190.0,,,190.0,403.0,420.5,229.0,0.05,0.0002,#ffa100,0.2240328,182.0,233.0,78.971,0.008,,False,7782-49-2,224.00000000000003,117.0,140.0,107.0,107.0,1818.0,101,1.0,93.0,95.0,16.0,195.0,27.20880463,78.971,10.0,2.0,494.0,2.55,0.0,4.0,0.0,0.0,4.0,2.0,16.0,958.0,2.0,2.46,4819.0,1.2,3.77,6.0,195.0,2.55,54.6,116.0,6.0,2.46,2.55,2.0,1.15,2.55,9.752392
Br,35,,23.5,p,331.9,3.12,21.0,3.3635882000000006,[Ar] 3d10 4s2 4p5,29.56,10.57,17.0,6.67,ORC,265.9,Bromine,4,6,,0.005,185.0,120.0,113.99999999999999,2.96,15.88,#a62929,#a52a2a,554.4,531.2,111.85,162.0,119.0,114.99999999999999,183.0,,,190.0,395.0,418.9,222.00000000000003,2.4,67.3,#a62929,0.2412578,186.0,187.0,79.904,,,False,7726-95-6,219.0,,117.0,109.0,110.0,1826.0,108,1.0,98.0,100.0,17.0,325.0,42.52782532,79.904,10.0,2.0,265.8,2.96,0.0,5.0,0.0,0.0,4.0,1.0,17.0,332.0,1.0,1.22,3120.0,1.2,3.05,7.0,325.0,2.96,69.0,114.0,7.0,1.22,11.8138,1.0,1.15,2.96,11.81381
Kr,36,,32.2,p,120.85,2.155,16.78,,[Ar] 3d10 4s2 4p6,9.05,,18.0,5.72,FCC,116.6,Krypton,4,2,0.247,0.0095,202.0,115.99999999999999,117.0,,17.54,#5cb8d1,#ff1493,424.6,402.4,,130.0,,,202.0,,,,,414.1,215.0,0.0001,0.00021,#5cb8d1,0.2584813,207.0,136.0,83.798,0.002,,False,7439-90-9,212.0,,,121.0,108.0,1898.0,115,0.02,4.0,4.0,18.0,0.0,37107.494739999995,83.798,10.0,2.0,115.79,0.0,0.0,6.0,0.0,0.0,4.0,0.0,18.0,119.78,0.0,0.11599999999999999,3.75,1.16,2.4844,8.0,0.0,0.0,14.1,110.0,0.0,0.11599999999999999,13.9996,0.0,,3.0,13.9996049
Rb,37,248.0,55.9,s,961.0,1.532,319.8,0.48591999999999996,[Kr] 5s,75.8,2.2,1.0,5.59,BCC,312.2,Rubidium,5,3,0.36,58.2,303.0,220.00000000000003,210.0,0.82,4.177,#702eb0,#ff1493,,,80.9,4769.0,225.0,235.0,,303.0,,290.0,,411.4,325.0,90.0,0.12,#702eb0,0.10468599999999999,321.0,4660.0,85.4678,0.00030000000000000003,,False,7440-17-7,240.0,216.0,248.0,202.0,,1861.0,4,0.3,9.0,9.0,1.0,47.0,92.64095184,85.4678,0.0,1.0,312.46,0.82,0.0,0.0,0.0,0.0,5.0,1.0,1.0,961.0,1.0,0.852,1532.0,2.2,47.27,1.0,47.0,0.82,15.3,211.0,1.0,0.852,0.82,1.0,2.35,0.82,4.177128
Sr,38,215.0,33.7,s,1657.0,2.54,197.2,0.048,[Kr] 5s2,144.0,9.2,2.0,6.08,FCC,1042.0,Strontium,5,4,0.301,,249.00000000000003,195.0,185.0,0.95,5.695,#00ff00,#ff1493,,,164.0,3175.0,195.0,200.0,,249.00000000000003,,254.99999999999997,,364.1,300.0,370.0,7.9,#00ff00,0.1185082,284.0,3230.0,87.62,0.01,,False,7440-24-6,279.0,191.0,215.0,157.0,139.0,1790.0,8,0.2,15.0,15.0,2.0,5.0,55.32313078,87.62,0.0,2.0,1050.0,0.95,0.0,0.0,0.0,0.0,5.0,0.0,2.0,1655.0,0.0,1.72,2630.0,1.95,25.55,2.0,5.0,0.95,20.1,192.0,2.0,1.72,0.95,0.0,2.0,0.95,5.6948672
Y,39,178.0,19.8,d,3611.0,4.47,162.0,0.307,[Kr] 4d 5s2,367.0,11.5,3.0,3.65,HEX,1795.0,Yttrium,5,8,0.284,,231.99999999999997,190.0,163.0,1.22,6.631,#94ffff,#ff1493,967.0,945.9,424.7,,,180.0,,,,240.0,,334.5,271.0,33.0,1.3000000000000001e-05,#94ffff,0.1216986,275.0,2600.0,88.90584,2e-05,True,False,7440-65-5,274.0,162.0,180.0,130.0,124.0,1789.0,12,12.0,19.0,21.0,3.0,30.0,33.01321288,88.90584,1.0,2.0,1799.0,1.22,0.0,0.0,9.0,0.0,5.0,9.0,3.0,3618.0,1.0,4.37,4472.0,1.9,22.7,2.0,30.0,1.22,23.1,162.0,3.0,4.37,1.22,1.0,1.8,1.22,6.21726
Zr,40,160.0,14.1,d,4650.0,6.506,112.0,0.426,[Kr] 4d2 5s2,567.0,19.2,4.0,3.23,HEX,2125.0,Zirconium,5,8,0.281,22.7,223.0,175.0,154.0,1.33,7.808,#94e0e0,#ff1493,,,610.0,,,155.0,,,,229.99999999999997,,312.4,254.0,165.0,2.9999999999999997e-05,#94e0e0,0.12488869999999999,252.0,1360.0,91.224,0.002,,False,7440-67-7,268.0,145.0,160.0,127.0,121.0,1789.0,44,13.0,49.0,49.0,4.0,41.0,23.26594327,91.224,2.0,2.0,2128.0,1.33,0.0,0.0,8.0,0.0,5.0,8.0,4.0,4682.0,2.0,6.25,6511.0,1.75,17.9,2.0,41.0,1.33,27.1,148.0,4.0,6.25,1.33,2.0,1.55,1.33,6.6339
Nb,41,146.0,10.8,d,5015.0,8.57,98.0,0.917406,[Kr] 4d4 5s,680.0,26.8,5.0,3.3,BCC,2741.0,Niobium,5,8,0.268,53.7,218.00000000000003,164.0,147.0,1.6,8.34,#73c2c9,#ff1493,,,733.0,,,145.0,,,,215.0,,316.5,243.00000000000003,20.0,1e-05,#73c2c9,0.1280782,256.0,1140.0,92.90637,2e-05,True,False,7440-03-1,250.99999999999997,134.0,146.0,125.0,116.0,1801.0,48,8.0,52.0,53.0,5.0,86.0,18.00213298,92.90637,4.0,1.0,2750.0,1.6,0.0,0.0,6.0,0.0,5.0,7.0,5.0,5017.0,5.0,7.57,8570.0,1.64,15.7,1.0,86.0,1.6,30.8,137.0,5.0,7.57,6.7588,5.0,1.45,1.6,6.75885
Mo,42,139.0,9.4,d,4885.0,10.22,87.0,0.748,[Kr] 4d5 5s,590.0,28.0,6.0,3.15,BCC,2890.0,Molybdenum,5,8,0.251,,217.0,154.0,138.0,2.16,8.71,#54b5b5,#ff1493,,,658.98,,,145.0,,,,210.0,,305.2,239.0,1.2,0.01,#54b5b5,0.1312672,245.0,1030.0,95.95,0.01,,False,7439-98-7,244.0,130.0,139.0,121.0,113.0,1778.0,52,6.0,55.0,56.0,6.0,72.0,15.50088069,95.95,5.0,1.0,2896.0,2.16,0.0,0.0,5.0,0.0,5.0,6.0,6.0,4912.0,6.0,6.82,10280.0,1.54,12.8,1.0,72.0,2.16,35.5,145.0,6.0,6.82,7.0924,6.0,1.45,2.16,7.09243
Tc,43,136.0,8.5,d,5150.0,11.5,79.0,0.55,[Kr] 4d5 5s2,585.0,23.8,7.0,2.74,HEX,2445.0,Technetium,5,8,0.243,50.6,216.0,147.0,128.0,2.1,8.94,#3b9e9e,#ff1493,,,678.0,,,135.0,,,,204.99999999999997,,299.8,236.0,,,#3b9e9e,0.1344592,244.0,939.0,97.90721,3e-05,,True,7440-26-8,241.0,127.0,136.0,120.0,110.0,1937.0,56,10.0,58.0,59.0,7.0,53.0,14.15101151,97.90720999999999,5.0,2.0,2430.0,1.9,0.0,0.0,5.0,0.0,5.0,5.0,7.0,4538.0,5.0,6.85,11500.0,1.47,11.4,1.0,53.0,1.9,39.9,156.0,7.0,6.85,1.9,5.0,1.35,1.9,7.119381
Ru,44,134.0,8.3,d,4173.0,12.41,72.0,1.05,[Kr] 4d7 5s,,25.5,8.0,2.7,HEX,2583.0,Ruthenium,5,8,0.238,117.0,213.0,146.0,125.0,2.2,9.1,#248f8f,#ff1493,774.0,751.4,650.6,,,130.0,,,,204.99999999999997,,296.3,234.0,0.001,7e-07,#248f8f,0.1376494,246.0,809.0,101.07,0.02,,False,7440-18-8,237.0,125.0,134.0,114.0,103.0,1844.0,60,10.0,63.0,61.0,8.0,101.0,13.56787441,101.07,7.0,1.0,2607.0,2.2,0.0,0.0,3.0,0.0,5.0,4.0,8.0,4423.0,4.0,6.74,12370.0,1.46,9.6,1.0,101.0,2.2,43.2,126.0,8.0,6.74,2.2,4.0,1.3,2.2,7.3605
Rh,45,134.0,8.3,d,4000.0,12.41,66.0,1.137,[Kr] 4d8 5s,494.0,21.8,9.0,3.8,FCC,2239.0,Rhodium,5,8,0.244,150.0,210.0,142.0,125.0,2.28,9.259,#0a7d8c,#ff1493,768.0,745.4,556.0,,,135.0,,,,200.0,,292.9,234.0,0.001,,#0a7d8c,0.1408379,244.0,708.0,102.9055,2e-05,True,False,7440-16-6,233.0,125.0,134.0,110.0,106.0,1803.0,64,10.0,66.0,63.0,9.0,110.0,13.72550981,102.9055,8.0,1.0,2237.0,2.28,0.0,0.0,2.0,0.0,5.0,3.0,9.0,3968.0,3.0,5.75,12450.0,1.42,8.6,1.0,110.0,2.28,47.3,135.0,9.0,5.75,7.4589,3.0,1.35,2.28,7.4589
Pd,46,137.0,8.9,d,3413.0,12.02,26.14,0.562,[Kr] 4d10,372.4,17.24,10.0,3.89,FCC,1825.0,Palladium,5,8,0.244,71.8,210.0,139.0,120.0,2.2,9.402000000000001,#006985,#ff1493,696.0,673.4,376.6,,,140.0,,,,204.99999999999997,,289.9,237.0,0.015,,#006985,0.1440276,215.0,628.0,106.42,0.01,,False,7440-05-3,215.0,128.0,137.0,117.0,112.0,1803.0,68,0.1,69.0,65.0,10.0,54.0,14.69838627,106.42,10.0,0.0,1828.05,2.2,0.0,0.0,0.0,0.0,5.0,0.0,10.0,3236.0,0.0,3.89,12023.0,1.39,4.8,1.0,54.0,2.2,50.9,131.0,10.0,3.89,8.3369,0.0,1.4,2.2,8.33686
Ag,47,144.0,10.3,d,2485.0,10.5,55.0,1.3019999999999998,[Kr] 4d10 5s,254.1,11.95,11.0,4.09,FCC,1235.1,Silver,5,8,0.237,429.0,211.0,145.0,128.0,1.93,11.05,#c0c0c0,#808090,,,284.9,,177.0,160.0,,,,210.0,,314.8,243.00000000000003,0.075,4e-05,#c0c0c0,0.1472165,253.0,341.0,107.8682,0.0002,,False,7440-22-4,225.0,134.0,144.0,139.0,137.0,,72,8.0,71.0,67.0,11.0,126.0,17.07564795,107.8682,10.0,1.0,1234.93,1.93,0.0,0.0,0.0,0.0,5.0,1.0,11.0,2435.0,1.0,2.95,10490.0,1.45,6.99,1.0,126.0,1.93,58.3,153.0,1.0,2.95,1.93,1.0,1.6,1.93,7.576234
Cd,48,154.0,13.1,d,1038.0,8.65,46.0,,[Kr] 4d10 5s2,59.1,6.11,12.0,2.98,HEX,594.1,Cadmium,5,8,0.232,96.9,218.00000000000003,144.0,136.0,1.69,8.995,#ffd98f,#ff1493,,,111.8,,160.0,155.0,,,,220.00000000000003,,284.8,250.0,0.15,0.00011,#ffd98f,0.1504066,249.0,405.0,112.414,0.004,,False,7440-43-9,238.0,138.0,151.0,144.0,,1817.0,78,2.0,75.0,75.0,12.0,0.0,21.58002546,112.414,10.0,2.0,594.22,1.69,0.0,0.0,0.0,0.0,5.0,0.0,12.0,1040.0,0.0,1.16,8650.0,1.44,7.32,2.0,0.0,1.69,10.7,148.0,2.0,1.16,8.9938,0.0,1.55,1.69,8.993822
In,49,166.0,15.7,p,2353.0,7.31,65.0,0.3,[Kr] 4d10 5s2 5p,225.1,3.24,13.0,4.59,TET,429.32,Indium,5,7,0.234,81.8,193.0,142.0,142.0,1.78,9.793,#a67573,#ff1493,,,243.0,779.0,,155.0,193.0,,,220.00000000000003,459.0,446.3,264.0,0.25,0.02,#a67573,0.16423,243.0,643.0,114.818,0.001,,False,7440-74-6,246.0,142.0,158.0,136.0,146.0,1863.0,84,4.0,79.0,80.0,13.0,29.0,26.08265816,114.818,10.0,2.0,429.75,1.78,0.0,1.0,0.0,0.0,5.0,5.0,13.0,2345.0,1.0,2.52,7310.0,1.42,9.65,3.0,29.0,1.78,16.9,144.0,3.0,2.52,5.7863,1.0,1.55,1.78,5.7863552
Sn,50,162.0,16.3,p,2543.0,7.31,53.0,1.112067,[Kr] 4d10 5s2 5p2,296.0,7.07,14.0,5.82,TET,505.1,Tin,5,7,0.222,66.8,217.0,139.0,140.0,1.96,10.79,#668080,#ff1493,,,301.2,659.0,140.0,145.0,217.0,,,225.0,447.0,439.19999999999993,259.0,2.3,4e-06,#668080,0.178052,242.0,715.0,118.71,0.007,,False,7440-31-5,248.0,142.0,163.0,130.0,132.0,,90,6.0,83.0,83.0,14.0,107.0,26.96678526,118.71,10.0,2.0,505.08,1.96,0.0,2.0,0.0,0.0,5.0,4.0,14.0,2875.0,2.0,3.14,7310.0,1.39,7.06,4.0,107.0,1.96,23.9,141.0,4.0,3.14,1.96,2.0,1.45,1.96,7.343917
Sb,51,159.0,18.4,p,1908.0,6.691,43.0,1.046,[Kr] 4d10 5s2 5p3,195.2,20.08,15.0,4.51,RHL,903.9,Antimony,5,5,0.205,24.43,206.0,139.0,140.0,2.05,11.74,#9e63b5,#ff1493,,,264.4,492.0,140.0,145.0,,206.0,,220.00000000000003,434.99999999999994,442.0,252.0,0.2,0.00023999999999999998,#9e63b5,0.19187739999999998,247.0,504.0,121.76,0.001,,False,7440-36-0,246.0,139.0,166.0,133.0,127.0,,96,2.0,88.0,91.0,15.0,103.0,30.19142344,121.76,10.0,2.0,903.78,2.05,0.0,3.0,0.0,0.0,5.0,3.0,15.0,1860.0,3.0,2.75,6697.0,1.39,6.6,5.0,103.0,2.05,32.1,138.0,5.0,2.75,8.6083,3.0,1.45,2.05,8.608389
Te,52,160.0,20.5,p,1263.0,6.24,38.0,1.9708759999999999,[Kr] 4d10 5s2 5p4,49.8,17.91,16.0,4.45,HEX,722.7,Tellurium,5,5,0.201,14.3,206.0,138.0,136.0,2.1,12.76,#d47a00,#ff1493,,,196.6,445.0,133.0,140.0,206.0,,,210.0,423.00000000000006,447.0,244.0,0.001,,#d47a00,0.20569920000000003,199.0,471.0,127.6,0.03,,False,13494-80-9,242.0,137.0,160.0,128.0,121.0,1782.0,102,4.0,92.0,94.0,16.0,190.0,33.95668872,127.6,10.0,2.0,722.66,2.1,0.0,4.0,0.0,0.0,5.0,2.0,16.0,1261.0,2.0,2.19,6240.0,1.38,5.5,6.0,190.0,2.1,40.4,135.0,6.0,2.19,2.1,2.0,1.4,2.1,9.00966
I,53,,25.7,p,457.5,4.93,32.9,3.0590368,[Kr] 4d10 5s2 5p5,41.95,15.52,17.0,7.72,ORC,386.7,Iodine,5,6,,,198.0,139.0,133.0,2.66,13.95,#940094,#a020f0,608.2,583.5,106.757,385.0,140.0,140.0,198.0,,,210.0,415.00000000000006,450.0,236.0,0.45,0.06,#940094,0.21951759999999998,204.0,389.0,126.90447,3.0000000000000004e-05,True,False,7553-56-2,238.0,,139.0,129.0,125.0,1811.0,109,1.3,97.0,99.0,17.0,295.0,42.65885747,126.90446999999999,10.0,2.0,386.85,2.66,0.0,5.0,0.0,0.0,5.0,1.0,17.0,457.3,1.0,1.11,4940.0,1.39,5.025,7.0,295.0,2.66,48.9,133.0,7.0,1.11,10.4512,1.0,1.4,2.66,10.45126
Xe,54,,42.9,p,166.1,3.52,27.32,-0.055999999999999994,[Kr] 4d10 5s2 5p6,12.65,,18.0,6.2,FCC,161.3,Xenon,5,2,0.158,0.0057,216.0,140.0,131.0,2.6,15.27,#429eb0,#ff1493,499.6,478.1,,,,,216.0,,,,,440.4,227.99999999999997,2.9999999999999997e-05,5e-05,#429eb0,0.2333511,228.0,302.0,131.293,0.006,,False,7440-63-3,231.99999999999997,,,135.0,122.0,1898.0,116,0.2,5.0,5.0,18.0,0.0,36952.92402,131.293,10.0,2.0,161.3,2.6,0.0,6.0,0.0,0.0,5.0,0.0,18.0,165.0,0.0,0.16,5.9,1.4,4.044,8.0,0.0,2.6,67.5,130.0,0.0,0.16,2.6,0.0,,2.6,12.1298431
Cs,55,267.0,70.0,s,951.6,1.873,400.9,0.47162600000000005,[Xe] 6s,68.3,2.09,1.0,6.05,BCC,301.6,Cesium,6,3,0.241,35.9,343.0,244.0,231.99999999999997,0.79,3.898,#57178f,#ff1493,,,76.5,,237.0,260.0,,343.0,,300.0,,451.69999999999993,344.0,3.0,0.0003,#57178f,0.1542125,348.0,6660.0,132.90545196,6.000000000000001e-08,True,False,7440-46-2,249.00000000000003,235.0,267.0,209.0,,1860.0,5,0.7,8.0,8.0,1.0,46.0,117.4560158,132.90545,0.0,1.0,301.59,0.79,0.0,0.0,0.0,0.0,6.0,1.0,1.0,944.0,1.0,0.804,1879.0,2.44,59.42,1.0,46.0,0.79,12.1,225.0,1.0,0.804,3.8939,1.0,2.6,0.79,3.893905548
Ba,56,222.0,39.0,s,1910.0,3.5,272.0,0.14462,[Xe] 6s2,142.0,7.66,2.0,5.02,BCC,1002.0,Barium,6,4,0.192,,268.0,215.0,196.0,0.89,5.211,#00c900,#ffa500,,,179.1,,210.0,215.0,,268.0,,270.0,,370.3,307.0,425.0,0.013000000000000001,#00c900,0.1586786,303.0,5540.0,137.327,0.007,,False,7440-39-3,293.0,198.0,222.0,161.0,149.0,1808.0,9,10.0,14.0,14.0,2.0,14.0,64.96928167,137.327,0.0,2.0,1000.0,0.89,0.0,0.0,0.0,0.0,6.0,0.0,2.0,2143.0,0.0,1.9,3510.0,2.15,39.7,2.0,14.0,0.89,14.8,198.0,2.0,1.9,5.2116,0.0,2.15,0.89,5.211664
La,57,187.0,22.5,d,3730.0,6.15,215.0,0.47,[Xe] 5d 6s2,402.0,8.5,3.0,3.75,HEX,1194.0,Lanthanum,6,9,0.197,13.4,243.00000000000003,206.99999999999997,180.0,1.1,,#70d4ff,#ff1493,1013.0,991.9,431.0,,,195.0,,,,250.0,,352.2,278.0,39.0,3.4e-06,#70d4ff,0.163142,298.0,3730.0,138.90547,7.000000000000001e-05,,False,7439-91-0,284.0,169.0,187.0,139.0,139.0,1839.0,13,20.0,33.0,32.0,3.0,48.0,37.53064612,138.90547,1.0,2.0,1193.0,1.1,0.0,0.0,9.0,0.0,6.0,9.0,3.0,3737.0,1.0,4.47,6146.0,2.07,31.1,2.0,48.0,1.1,16.8,169.0,3.0,4.47,5.5769,1.0,1.95,1.1,5.5769
Ce,58,181.0,21.0,f,3699.0,6.757,205.0,0.65,[Xe] 4f 5d 6s2,398.0,5.2,,5.16,FCC,1072.0,Cerium,6,9,0.205,11.3,242.0,204.0,163.0,1.12,,#ffffc7,#ff1493,,,420.1,,,185.0,,,,,,355.6,274.0,66.5,1.2e-06,#ffffc7,0.16760999999999998,288.0,3480.0,140.116,0.001,,False,7440-45-1,282.0,,,137.0,131.0,1803.0,15,20.0,32.0,31.0,3.0,50.0,34.78450148,140.116,1.0,2.0,1071.0,1.12,13.0,0.0,9.0,1.0,6.0,22.0,4.0,3633.0,1.0,4.32,6689.0,2.04,29.6,2.0,50.0,1.12,0.1,183.0,4.0,4.32,5.5387,1.0,1.85,1.12,5.5386
Pr,59,182.0,20.8,f,3785.0,6.773,216.0,0.9620000000000001,[Xe] 4f3 6s2,331.0,11.3,,3.67,HEX,1204.0,Praseodymium,6,9,0.192,12.5,240.0,202.99999999999997,176.0,1.13,,#d9ffc7,#ff1493,,,356.9,,,185.0,,,,,,360.6,273.0,9.2,6.4e-07,#d9ffc7,0.17207999999999998,292.0,3760.0,140.90766,2e-05,True,False,7440-10-0,286.0,,,138.0,128.0,1885.0,17,20.0,31.0,30.0,3.0,50.0,35.23917573,140.90766000000002,0.0,2.0,1204.0,1.13,11.0,0.0,0.0,3.0,6.0,11.0,5.0,3563.0,3.0,3.7,6640.0,2.03,28.2,2.0,50.0,1.13,2.0,182.0,5.0,3.7,5.473,3.0,1.85,1.13,5.473
Nd,60,182.0,20.6,f,3341.0,7.007,208.0,1.916,[Xe] 4f4 6s2,289.0,7.1,,3.66,HEX,1294.0,Neodymium,6,9,0.205,,239.0,200.99999999999997,174.0,1.14,,#c7ffc7,#ff1493,,,326.9,,,185.0,,,,,,357.5,273.0,41.5,2.8e-06,#c7ffc7,0.176539,295.0,3560.0,144.242,0.003,,False,7440-00-8,284.0,,,137.0,,1925.0,19,20.0,30.0,29.0,3.0,50.0,34.16905488,144.242,0.0,2.0,1294.0,1.14,10.0,0.0,0.0,4.0,6.0,10.0,6.0,3373.0,4.0,3.4,7010.0,2.01,31.4,2.0,50.0,1.14,1.5,181.0,6.0,3.4,5.525,4.0,1.85,1.14,5.525
Pm,61,,,f,3000.0,7.2,200.0,,[Xe] 4f5 6s2,,,,,,1441.0,Promethium,6,9,0.185,17.9,238.0,199.0,173.0,,,#a3ffc7,#ff1493,,,,,,185.0,,,,,,354.7,272.0,,,#a3ffc7,0.1810032,,3340.0,144.91276,2e-05,,True,7440-12-2,283.0,,,135.0,,1945.0,21,20.0,29.0,28.0,3.0,50.0,33.14754856,144.91276000000002,0.0,2.0,1373.0,1.13,9.0,0.0,0.0,5.0,6.0,9.0,7.0,3273.0,5.0,3.23,7264.0,1.99,30.1,2.0,50.0,1.13,120.0,181.0,7.0,,5.582000000000001,5.0,1.85,1.13,5.582
Sm,62,181.0,19.9,f,2064.0,7.52,192.0,,[Xe] 4f6 6s2,165.0,8.9,,9.0,RHL,1350.0,Samarium,6,9,0.18,,236.0,198.0,172.0,1.17,,#8fffc7,#ff1493,,,206.7,,,185.0,,,,,,352.0,271.0,7.05,4.5e-07,#8fffc7,0.185468,290.0,3130.0,150.36,0.02,,False,7440-19-9,280.0,,,134.0,,1879.0,23,20.0,28.0,27.0,3.0,50.0,33.95681901,150.36,0.0,2.0,1345.0,1.17,8.0,0.0,0.0,6.0,6.0,8.0,8.0,2076.0,6.0,2.14,7353.0,1.98,28.8,2.0,50.0,1.17,5.2,180.0,8.0,2.14,1.17,6.0,1.85,1.17,5.64371
Eu,63,199.0,28.9,f,1870.0,5.243,184.0,0.8640000000000001,[Xe] 4f7 6s2,176.0,,,4.61,BCC,1095.0,Europium,6,9,0.176,13.9,235.0,198.0,168.0,,,#61ffc7,#ff1493,,,177.4,,,185.0,,,,,,349.3,294.0,2.0,1.3e-07,#61ffc7,0.189935,287.0,2940.0,151.964,0.001,,False,7440-53-1,280.0,,,134.0,,1901.0,25,20.0,18.0,17.0,3.0,50.0,48.12129236,151.964,0.0,2.0,1095.0,1.2,7.0,0.0,0.0,7.0,6.0,7.0,9.0,1800.0,7.0,1.86,5244.0,1.98,27.7,2.0,50.0,1.2,,199.0,9.0,1.86,5.6703,7.0,1.85,1.2,5.670385
Gd,64,179.0,19.9,f,3539.0,7.9,158.0,,[Xe] 4f7 5d 6s2,398.0,,,3.64,HEX,1586.0,Gadolinium,6,9,0.23,,234.0,196.0,169.0,1.2,,#45ffc7,#ff1493,,,397.5,,,180.0,,,,,,336.8,271.0,6.2,7e-07,#45ffc7,0.1944,283.0,2340.0,157.25,0.03,,False,7440-54-2,277.0,,,135.0,132.0,1880.0,27,20.0,27.0,26.0,3.0,50.0,33.04972431,157.25,1.0,2.0,1586.0,1.2,7.0,0.0,9.0,7.0,6.0,16.0,10.0,3523.0,8.0,4.14,7901.0,1.96,23.5,2.0,50.0,1.2,8.6,179.0,10.0,4.14,6.1498,8.0,1.8,1.2,6.149796
Tb,65,180.0,19.2,f,3296.0,8.229,170.0,1.165,[Xe] 4f9 6s2,389.0,,,3.6,HEX,1629.0,Terbium,6,9,0.183,11.1,233.0,194.0,168.0,,,#30ffc7,#ff1493,,,388.7,,,175.0,,,,,,345.1,270.0,1.2,1.4e-07,#30ffc7,0.198863,279.0,2590.0,158.92535,2e-05,True,False,7440-27-9,276.0,,,135.0,,1843.0,29,20.0,26.0,25.0,3.0,50.0,32.10949276,158.92535,0.0,2.0,1629.0,1.1,5.0,0.0,0.0,9.0,6.0,5.0,11.0,3503.0,5.0,4.05,8219.0,1.94,25.5,2.0,50.0,1.1,2.4,176.0,11.0,4.05,1.1,5.0,1.75,1.1,5.8638
Dy,66,180.0,19.0,f,2835.0,8.55,163.0,0.35200000000000004,[Xe] 4f10 6s2,291.0,,,3.59,HEX,1685.0,Dysprosium,6,9,0.173,10.7,231.0,192.0,167.0,1.22,,#1fffc7,#ff1493,,,290.4,,,175.0,,,,,,342.8,290.0,5.2,9.1e-07,#1fffc7,0.20332999999999998,287.0,2430.0,162.5,0.001,,False,7429-91-6,275.0,,,133.0,,1886.0,31,15.0,25.0,24.0,3.0,50.0,31.55699985,162.5,0.0,2.0,1685.0,1.22,4.0,0.0,0.0,10.0,6.0,4.0,12.0,2840.0,4.0,3.04,8551.0,1.92,24.5,2.0,50.0,1.22,4.3,175.0,12.0,3.04,5.9389,4.0,1.75,1.22,5.93905
Ho,67,179.0,18.7,f,2968.0,8.795,156.0,,[Xe] 4f11 6s2,301.0,,,3.58,HEX,1747.0,Holmium,6,9,0.164,,229.99999999999997,192.0,166.0,1.23,,#00ff9c,#ff1493,,,300.6,,,175.0,,,,,,340.9,267.0,1.3,2.2e-07,#00ff9c,0.20779499999999998,281.0,2280.0,164.93033,2e-05,True,False,7440-60-0,273.0,,,133.0,,1878.0,33,10.0,24.0,23.0,3.0,50.0,31.14037991,164.93033,0.0,2.0,1747.0,1.23,3.0,0.0,0.0,11.0,6.0,3.0,13.0,2973.0,3.0,3.14,8795.0,1.92,23.6,2.0,50.0,1.23,5.2,174.0,13.0,3.14,6.0215,3.0,1.75,1.23,6.0215
Er,68,178.0,18.4,f,3136.0,9.06,150.0,,[Xe] 4f12 6s2,317.0,,,3.56,HEX,1802.0,Erbium,6,9,0.168,,229.0,189.0,165.0,1.24,,#00e675,#ff1493,,,316.4,,,175.0,,,,,,339.1,267.0,3.5,8.7e-07,#00e675,0.212261,283.0,2150.0,167.259,0.003,,False,7440-52-0,272.0,,,133.0,,1843.0,35,10.0,23.0,22.0,3.0,50.0,30.63606837,167.259,0.0,2.0,1770.0,1.24,2.0,0.0,0.0,12.0,6.0,2.0,14.0,3141.0,2.0,3.29,9066.0,1.89,22.7,2.0,50.0,1.24,4.7,173.0,14.0,3.29,6.0177,2.0,1.75,1.24,6.1077
Tm,69,177.0,18.1,f,2220.0,9.321,144.0,1.0290000000000001,[Xe] 4f13 6s2,232.0,,,3.54,HEX,1818.0,Thulium,6,9,0.16,,227.0,190.0,164.0,1.25,,#00d452,#ff1493,,,232.2,,,175.0,,,,,,337.4,267.0,0.52,1.7e-07,#00d452,0.2167244,279.0,2020.0,168.93422,2e-05,True,False,7440-30-4,271.0,,,131.0,,1879.0,37,15.0,22.0,20.0,3.0,50.0,30.09638585,168.93421999999998,0.0,2.0,1818.0,1.25,1.0,0.0,0.0,13.0,6.0,1.0,15.0,2223.0,1.0,2.42,9321.0,1.9,21.8,2.0,50.0,1.25,4.6,173.0,15.0,2.42,1.25,1.0,1.75,1.25,6.18431
Yb,70,194.0,24.8,f,1466.0,6.9654,139.0,-0.02,[Xe] 4f14 6s2,159.0,3.35,,5.49,FCC,1097.0,Ytterbium,6,9,0.145,,225.99999999999997,187.0,170.0,,,#00bf38,#ff1493,,,155.6,,,175.0,,,,,,335.5,279.0,3.2,8.2e-07,#00bf38,0.22119,280.0,1910.0,173.045,0.01,,False,7440-64-4,277.0,,,129.0,,1878.0,39,6.0,17.0,18.0,3.0,50.0,43.73967194,173.054,0.0,2.0,1092.0,1.1,0.0,0.0,0.0,14.0,6.0,0.0,16.0,1469.0,0.0,1.6,6570.0,1.87,20.9,2.0,50.0,1.1,1.3,194.0,16.0,1.6,1.06,0.0,1.75,1.1,6.25416
Lu,71,175.0,17.8,f,3668.0,9.8404,137.0,0.34,[Xe] 4f14 5d 6s2,414.0,,,3.51,HEX,1936.0,Lutetium,6,8,0.155,,224.00000000000003,187.0,162.0,1.0,6.455,#00ab24,#ff1493,992.0,970.6,427.6,,,175.0,,,,,,364.0,265.0,0.8,1.5e-07,#00ab24,0.22565,274.0,2020.0,174.9668,0.0001,,False,7439-94-3,270.0,,,131.0,131.0,1907.0,41,7.0,21.0,19.0,3.0,50.0,29.52403191,174.9668,1.0,2.0,1936.0,1.27,0.0,0.0,9.0,14.0,6.0,9.0,17.0,3675.0,1.0,4.43,9841.0,1.87,21.9,2.0,50.0,1.27,7.5,172.0,3.0,4.43,5.4258,1.0,1.75,1.27,5.425871
Hf,72,167.0,13.6,d,5470.0,13.31,103.0,0.013999999999999999,[Xe] 4f14 5d2 6s2,575.0,25.1,4.0,3.2,HEX,2503.0,Hafnium,6,8,0.146,23.0,223.0,175.0,152.0,1.3,6.83,#4dc2ff,#ff1493,,,618.4,,,155.0,,,,225.0,,314.1,252.99999999999997,3.0,7.000000000000001e-06,#4dc2ff,0.229987,263.0,1040.0,178.49,0.02,,False,7440-58-6,264.0,144.0,159.0,128.0,122.0,1923.0,45,6.0,50.0,50.0,4.0,0.0,22.26871119,178.49,2.0,2.0,2506.0,1.3,0.0,0.0,8.0,14.0,6.0,8.0,18.0,4876.0,2.0,6.44,13310.0,1.75,16.2,2.0,0.0,1.3,14.2,150.0,4.0,6.44,6.825,2.0,1.55,1.3,6.82507
Ta,73,149.0,10.9,d,5698.0,16.654,74.0,0.322,[Xe] 4f14 5d3 6s2,758.0,24.7,5.0,3.31,BCC,3269.0,Tantalum,6,8,0.14,57.5,222.00000000000003,170.0,146.0,1.5,7.93,#4da6ff,#ff1493,,,782.0,,,145.0,,,,220.00000000000003,,317.0,243.00000000000003,2.0,2e-06,#4da6ff,0.23458099999999998,253.0,887.0,180.94788,2e-05,,False,7440-25-7,258.0,134.0,146.0,126.0,119.0,1802.0,49,20.0,53.0,52.0,5.0,31.0,18.04672956,180.94788,3.0,2.0,3290.0,1.5,0.0,0.0,7.0,14.0,6.0,7.0,19.0,5731.0,3.0,8.1,16650.0,1.7,13.1,2.0,31.0,1.5,21.6,138.0,5.0,8.1,1.5,3.0,1.45,1.5,7.54957
W,74,141.0,9.53,d,5930.0,19.3,68.0,0.81626,[Xe] 4f14 5d4 6s2,824.0,35.0,6.0,3.16,BCC,3680.0,Tungsten,6,8,0.133,173.0,218.00000000000003,162.0,137.0,1.7,8.67,#2194d6,#ff1493,,,851.0,,,135.0,,,,210.0,,309.6,239.0,1.25,0.0001,#2194d6,0.2390504,257.0,757.0,183.84,0.01,,False,7440-33-7,252.99999999999997,130.0,139.0,120.0,115.0,1783.0,53,15.0,56.0,57.0,6.0,79.0,15.85873442,183.84,4.0,2.0,3695.0,2.36,0.0,0.0,6.0,14.0,6.0,6.0,20.0,5828.0,4.0,8.9,19250.0,1.62,11.1,2.0,79.0,2.36,31.4,146.0,6.0,8.9,2.36,4.0,1.35,2.36,7.86403
Re,75,137.0,8.85,d,5900.0,21.02,62.0,0.15,[Xe] 4f14 5d5 6s2,704.0,34.0,7.0,2.76,HEX,3453.0,Rhenium,6,8,0.138,48.0,216.0,151.0,131.0,1.9,9.46,#267dab,#ff1493,,,774.0,,,135.0,,,,204.99999999999997,,295.4,237.0,0.0007,4e-06,#267dab,0.24351639999999997,249.0,663.0,186.207,0.001,,False,7440-15-5,249.00000000000003,128.0,137.0,119.0,110.0,1925.0,57,3.0,59.0,58.0,7.0,15.0,14.71033423,186.207,5.0,2.0,3459.0,1.9,0.0,0.0,5.0,14.0,6.0,5.0,21.0,5869.0,5.0,8.03,21020.0,1.51,9.7,2.0,15.0,1.9,34.6,159.0,7.0,8.03,7.8335,5.0,1.35,1.9,7.83352
Os,76,135.0,8.43,d,5300.0,22.57,57.0,1.1,[Xe] 4f14 5d6 6s2,738.0,31.7,8.0,2.74,HEX,3327.0,Osmium,6,8,0.131,,216.0,144.0,129.0,2.2,9.78,#266696,#ff1493,,,787.0,,,130.0,,,,200.0,,312.0,235.0,0.0015,,#266696,0.24798449999999997,248.0,584.0,190.23,0.03,,False,7440-04-2,244.0,126.0,135.0,116.0,109.0,1804.0,61,3.0,62.0,60.0,8.0,106.0,13.98369767,190.23,6.0,2.0,3306.0,2.2,0.0,0.0,4.0,14.0,6.0,4.0,22.0,5285.0,4.0,8.17,22590.0,1.44,8.5,2.0,106.0,2.2,44.5,128.0,8.0,8.17,8.4382,4.0,1.3,2.2,8.43823
Ir,77,136.0,8.54,d,4403.0,22.42,54.0,1.5638,[Xe] 4f14 5d7 6s2,604.0,27.61,9.0,3.84,FCC,2683.0,Iridium,6,8,0.133,147.0,213.0,141.0,122.0,2.2,9.96,#175487,#ff1493,,,669.0,,,135.0,,,,200.0,,284.0,236.0,0.001,,#175487,0.25106,241.0,522.0,192.217,0.003,,False,7439-88-5,233.0,127.0,136.0,115.0,107.0,1804.0,65,7.0,65.0,62.0,9.0,151.0,14.14855047,192.217,7.0,2.0,2739.0,2.2,0.0,0.0,3.0,14.0,6.0,3.0,23.0,4701.0,3.0,6.94,22560.0,1.41,7.6,2.0,151.0,2.2,48.0,137.0,9.0,6.94,8.967,3.0,1.35,2.2,8.96702
Pt,78,139.0,9.1,d,4100.0,21.45,48.0,2.128,[Xe] 4f14 5d9 6s,470.0,21.76,10.0,3.92,FCC,2045.0,Platinum,6,8,0.133,71.6,213.0,136.0,123.0,2.2,10.16,#d0d0e0,#ff1493,,,565.7,,,135.0,,,,204.99999999999997,,275.4,239.0,0.005,,#d0d0e0,0.25690999999999997,229.0,470.0,195.084,0.009000000000000001,,False,7440-06-4,229.99999999999997,130.0,139.0,112.0,110.0,1735.0,69,4.0,68.0,64.0,10.0,205.0,15.36046351,195.084,9.0,1.0,2041.4,2.28,0.0,0.0,1.0,14.0,6.0,2.0,24.0,4098.0,2.0,5.84,21090.0,1.36,6.5,1.0,205.0,2.28,51.7,128.0,10.0,5.84,8.9588,2.0,1.35,2.28,8.95883
Au,79,146.0,10.2,d,3080.0,19.3,36.0,2.30863,[Xe] 4f14 5d10 6s,340.0,12.68,11.0,4.08,FCC,1337.58,Gold,6,8,0.129,318.0,214.0,136.0,124.0,2.4,11.33,#ffd123,#daa520,,,368.2,,,135.0,,,,210.0,,329.3,243.00000000000003,0.004,4e-06,#ffd123,0.26137,232.0,427.0,196.966569,4.9999999999999996e-06,True,False,7440-57-5,225.99999999999997,134.0,144.0,121.0,123.0,,73,3.0,70.0,66.0,11.0,223.0,16.94706362,196.96657,10.0,1.0,1337.33,2.54,0.0,0.0,0.0,14.0,6.0,1.0,25.0,3129.0,1.0,3.81,19300.0,1.36,5.8,1.0,223.0,2.54,57.2,144.0,1.0,3.81,9.2255,1.0,1.35,2.54,9.225553
Hg,80,157.0,14.8,d,629.73,13.546,33.91,,[Xe] 4f14 5d10 6s2,58.5,2.295,12.0,2.99,RHL,234.28,Mercury,6,8,0.138,8.3,223.0,132.0,133.0,1.9,10.44,#b8b8d0,#ff1493,,,61.38,,,150.0,,,,204.99999999999997,,270.5,252.99999999999997,0.085,2.9999999999999997e-05,#b8b8d0,0.16899999999999998,245.0,268.0,200.592,0.003,,False,7439-97-6,229.0,139.0,151.0,142.0,,,79,0.34,74.0,76.0,12.0,0.0,24.61174207,200.592,10.0,2.0,234.32,2.0,0.0,0.0,0.0,14.0,6.0,0.0,26.0,629.73,0.0,0.67,13534.0,1.32,5.36,2.0,0.0,2.0,7.8,149.0,2.0,0.67,10.4375,0.0,1.5,2.0,10.437504
Tl,81,171.0,17.2,p,1730.0,11.85,50.0,0.377,[Xe] 4f14 5d10 6s2 6p,162.4,4.31,13.0,3.46,HEX,576.6,Thallium,6,7,0.128,46.1,196.0,145.0,144.0,1.8,,#a6544d,#ff1493,,,182.2,,190.0,190.0,196.0,,,220.00000000000003,,434.69999999999993,259.0,0.85,1.9e-05,#a6544d,0.173447,247.0,509.0,204.38,,,False,7440-28-0,242.0,144.0,160.0,142.0,150.0,1861.0,85,2.0,78.0,81.0,13.0,19.0,28.64087656,204.38,10.0,2.0,577.0,1.62,0.0,1.0,0.0,14.0,6.0,5.0,27.0,1746.0,1.0,1.88,11850.0,1.45,7.55,3.0,19.0,1.62,12.5,148.0,3.0,1.88,1.62,1.0,1.9,1.62,6.108287
Pb,82,175.0,18.3,p,2013.0,11.35,47.0,0.35674316,[Xe] 4f14 5d10 6s2 6p2,177.8,4.77,14.0,4.95,FCC,600.65,Lead,6,7,0.159,35.3,202.0,146.0,144.0,1.8,10.97,#575961,#ff1493,,,195.2,,,,202.0,,,229.99999999999997,,429.7,274.0,14.0,2.9999999999999997e-05,#575961,0.17791099999999999,260.0,534.0,207.2,0.1,,False,7439-92-1,249.00000000000003,150.0,170.0,135.0,137.0,,91,3.0,82.0,82.0,14.0,35.0,30.34142301,207.2,10.0,2.0,600.61,2.33,0.0,2.0,0.0,14.0,6.0,4.0,28.0,2022.0,2.0,2.03,11340.0,1.46,6.995,4.0,35.0,2.33,18.1,147.0,4.0,2.03,7.4166,2.0,1.8,2.33,7.4166796
Bi,83,170.0,21.3,p,1883.0,9.747,48.0,0.942362,[Xe] 4f14 5d10 6s2 6p3,172.0,11.0,15.0,4.75,RHL,544.5,Bismuth,6,7,0.124,7.9,206.99999999999997,148.0,151.0,1.9,11.9,#9e4fb5,#ff1493,,,209.6,,148.0,160.0,,206.99999999999997,,229.99999999999997,,437.0,266.0,0.0085,2e-05,#9e4fb5,0.182377,254.0,513.0,208.9804,1e-05,True,False,7440-69-9,250.0,151.0,178.0,141.0,135.0,,97,4.0,87.0,92.0,15.0,91.0,35.48345908,208.9804,10.0,2.0,544.4,2.02,0.0,3.0,0.0,14.0,6.0,3.0,29.0,1837.0,3.0,2.18,9780.0,1.48,0.4,5.0,91.0,2.02,23.8,146.0,5.0,2.18,7.2855,3.0,1.6,2.02,7.285516
Po,84,176.0,22.7,p,1235.0,9.32,44.0,1.9,[Xe] 4f14 5d10 6s2 6p4,102.9,10.0,16.0,3.35,SC,527.0,Polonium,6,5,0.125,,197.0,140.0,145.0,2.0,13.0,#ab5c00,#ff1493,,,,,,190.0,,197.0,,,,470.9,259.0,2e-10,1.5e-14,#ab5c00,0.186842,,424.0,209.0,,,True,7440-08-6,250.0,,,135.0,129.0,1898.0,103,4.0,91.0,93.0,16.0,183.0,37.74040639,208.98243,10.0,2.0,527.0,2.0,0.0,4.0,0.0,14.0,6.0,2.0,30.0,1235.0,2.0,1.5,9196.0,1.4,6.8,6.0,183.0,2.0,31.0,,6.0,1.5,8.414,2.0,1.9,2.0,8.414
At,85,,,p,610.0,,42.0,2.8,[Xe] 4f14 5d10 6s2 6p5,,,17.0,,,575.0,Astatine,6,6,,,202.0,150.0,147.0,2.2,14.1,#754f45,#ff1493,,,,,,,,202.0,,,,475.0,250.99999999999997,,,#754f45,0.19130999999999998,,351.0,210.0,,,True,7440-68-8,247.00000000000003,,,138.0,138.0,1940.0,110,4.0,96.0,98.0,17.0,270.0,,209.98715,10.0,2.0,575.0,2.2,0.0,5.0,0.0,14.0,6.0,1.0,31.0,,1.0,,,1.5,6.0,7.0,270.0,2.2,40.0,,7.0,,9.3175,1.0,,2.2,9.31751
Rn,86,,,p,211.4,4.4,35.0,,[Xe] 4f14 5d10 6s2 6p6,18.1,,18.0,,FCC,202.0,Radon,6,2,0.094,0.0036,220.00000000000003,150.0,142.0,,15.4,#428296,#ffffff,,,,,,,,220.00000000000003,,,,476.49999999999994,243.00000000000003,4e-13,6e-16,#428296,0.195772,240.0,408.0,222.0,,,True,10043-92-2,243.00000000000003,,,145.0,133.0,1898.0,117,2.0,6.0,6.0,18.0,0.0,37887.79955,222.01757999999998,10.0,2.0,202.0,0.0,0.0,6.0,0.0,14.0,6.0,0.0,32.0,211.3,0.0,0.20199999999999999,9.73,1.5,5.3,8.0,0.0,0.0,26.0,145.0,0.0,0.20199999999999999,10.7485,0.0,,2.2,10.7485
Fr,87,,,s,950.0,,317.8,0.486,[Rn] 7s,,15.0,1.0,,BCC,300.0,Francium,7,3,,,348.0,260.0,223.0,0.7,,#420066,#ffffff,,,,,,,,348.0,,,,490.00000000000006,364.0,,,#420066,0.08731,,,223.0,,,True,7440-73-5,258.0,,,218.0,,1939.0,6,2.4,7.0,7.0,1.0,47.0,,223.01973999999998,0.0,1.0,,0.79,0.0,0.0,0.0,0.0,7.0,1.0,1.0,,1.0,,,2.6,47.85,1.0,47.0,0.79,15.0,,1.0,,4.0727,1.0,,0.7,4.0727409
Ra,88,,45.0,s,1413.0,5.5,246.0,0.1,[Rn] 7s2,113.0,9.6,2.0,,,973.0,Radium,7,4,0.12,,283.0,221.0,200.99999999999997,0.9,,#007d00,#ffffff,,,159.0,,,215.0,,283.0,,,,367.7,327.0,9e-07,8.9e-11,#007d00,0.09788999999999999,,,226.0,,,True,7440-14-4,292.0,,,173.0,159.0,1898.0,10,4.0,13.0,13.0,2.0,10.0,75.05812023,226.02541000000002,0.0,2.0,973.0,0.89,0.0,0.0,0.0,0.0,7.0,0.0,2.0,2010.0,0.0,1.66,5000.0,2.21,38.3,2.0,10.0,0.89,19.0,,2.0,1.66,5.2784,0.0,2.15,0.9,5.278424
Ac,89,188.0,22.54,d,3470.0,,203.0,0.35,[Rn] 6d 7s2,292.9,10.5,3.0,5.31,FCC,1320.0,Actinium,7,10,,,247.00000000000003,215.0,186.0,1.1,,#70abfa,#ffffff,,,406.0,,,195.0,,,,,,347.8,308.0,5.5e-10,,#70abfa,0.10032999999999999,280.0,,227.0,,,True,7440-34-8,293.0,,,153.0,140.0,1899.0,14,12.0,48.0,33.0,3.0,34.0,37.43308629999999,227.02775,1.0,2.0,1323.0,1.1,0.0,0.0,9.0,0.0,7.0,9.0,3.0,3473.0,1.0,4.25,10070.0,2.15,32.1,2.0,34.0,1.1,80.0,,3.0,4.25,5.17,1.0,1.95,1.1,5.380226
Th,90,180.0,19.8,f,5060.0,11.78,217.0,,[Rn] 6d2 7s2,513.7,16.11,,5.08,FCC,2028.0,Thorium,7,10,0.113,,245.00000000000003,206.0,175.0,1.3,,#00baff,#ff1493,,,602.0,,,180.0,,,,240.0,,339.6,274.0,9.6,1e-06,#00baff,0.10277,293.0,,232.0377,0.0004,,True,7440-29-1,289.0,,,143.0,136.0,1828.0,16,54.0,47.0,34.0,3.0,34.0,32.86568321,232.0377,2.0,2.0,2023.0,1.3,0.0,0.0,8.0,0.0,7.0,8.0,4.0,5093.0,2.0,6.2,11724.0,2.06,32.1,2.0,34.0,1.3,16.6,180.0,4.0,6.2,1.3,2.0,1.8,1.3,6.3067
Pa,91,161.0,15.0,f,4300.0,15.37,154.0,,[Rn] 5f2 6d 7s2,481.2,16.7,,3.92,TET,2113.0,Protactinium,7,10,0.121,,243.00000000000003,200.0,169.0,1.5,,#00a1ff,#ffffff,,,563.0,,,180.0,,,,,,342.4,264.0,1.4e-06,5e-11,#00a1ff,0.12149000000000001,288.0,,231.03588,2e-05,True,True,7440-13-3,285.0,,,138.0,129.0,1917.0,18,20.0,46.0,35.0,3.0,34.0,24.96116063,231.03588,1.0,2.0,1845.0,1.5,12.0,0.0,9.0,2.0,7.0,21.0,5.0,4273.0,3.0,,15370.0,2.0,25.4,2.0,34.0,1.5,94.0,161.0,5.0,,5.89,3.0,1.8,1.5,5.89
U,92,138.0,12.5,f,4018.0,19.05,129.0,,[Rn] 5f3 6d 7s2,417.0,12.6,,2.85,ORC,1405.5,Uranium,7,10,0.115,27.5,241.0,196.0,170.0,1.7,,#008fff,#ff1493,995.2,973.2,533.0,,,175.0,,,,229.99999999999997,,339.5,252.0,2.7,0.0032,#008fff,0.13207,271.0,,238.02891,3.0000000000000004e-05,,True,7440-61-1,283.0,,,134.0,118.0,1789.0,20,17.0,45.0,36.0,3.0,34.0,20.7488474,238.02891,1.0,2.0,1408.0,1.38,11.0,0.0,9.0,3.0,7.0,20.0,6.0,4200.0,4.0,5.55,19050.0,1.96,24.9,2.0,34.0,1.38,16.8,139.0,6.0,5.55,1.38,4.0,1.75,1.38,6.19405
Np,93,130.0,21.1,f,4175.0,20.25,151.0,,[Rn] 5f4 6d 7s2,336.0,9.6,,4.72,ORC,913.0,Neptunium,7,10,,,239.0,190.0,171.0,1.3,,#0080ff,#ffffff,,,464.8,,,175.0,,,,,,342.4,252.0,,,#0080ff,0.14265,282.0,,237.0,,,True,7439-99-8,280.0,,,136.0,116.0,1940.0,22,20.0,44.0,37.0,3.0,34.0,19.24483901,237.04817000000003,1.0,2.0,917.0,1.36,10.0,0.0,9.0,4.0,7.0,19.0,7.0,4273.0,5.0,4.73,20450.0,1.9,24.8,2.0,34.0,1.36,18.0,140.0,7.0,4.73,6.2657,5.0,1.75,1.36,6.2655
Pu,94,151.0,,f,3505.0,19.84,132.0,,[Rn] 5f6 7s2,343.5,2.8,,,MCL,914.0,Plutonium,7,10,,,243.00000000000003,187.0,172.0,1.3,,#006bff,#ffffff,,,345.0,,,175.0,,,,,,342.4,252.0,,,#006bff,0.16137,281.0,,244.0,,,True,7440-07-5,278.0,,,135.0,,1940.0,24,20.0,43.0,38.0,3.0,34.0,20.44716406,244.06421,0.0,2.0,913.0,1.28,8.0,0.0,0.0,6.0,7.0,8.0,8.0,3503.0,6.0,3.6,19816.0,1.87,24.5,2.0,34.0,1.28,16.0,151.0,8.0,3.6,6.026,6.0,1.75,1.28,6.0258
Am,95,173.0,20.8,f,2880.0,13.67,131.0,,[Rn] 5f7 7s2,238.5,10.0,,,,1267.0,Americium,7,10,,,244.0,180.0,166.0,,,#545cf2,#ffffff,,,284.0,,,175.0,,,,,,338.1,,,,#545cf2,0.17194,283.0,,243.0,,,True,7440-35-9,276.0,,,135.0,,1945.0,26,25.0,42.0,39.0,3.0,34.0,29.51868508,243.06137999999999,0.0,2.0,1449.0,1.3,7.0,0.0,0.0,7.0,7.0,7.0,9.0,2284.0,7.0,2.73,13670.0,1.8,23.3,2.0,34.0,1.3,16.0,140.0,9.0,2.73,5.9738,7.0,1.75,1.3,5.9738
Cm,96,299.0,18.28,f,,13.51,144.0,,[Rn] 5f7 6d 7s2,,,,,,1340.0,Curium,7,10,,,245.00000000000003,169.0,166.0,,,#785ce3,#ffffff,,,386.0,,,,,,,,,332.6,,,,#785ce3,0.17439000000000002,305.0,,247.0,,,True,7440-51-9,276.0,,,136.0,,1944.0,28,25.0,41.0,40.0,3.0,34.0,30.35993609,247.07035,1.0,2.0,1618.0,1.3,7.0,0.0,9.0,7.0,7.0,16.0,10.0,3383.0,8.0,3.99,13510.0,1.69,23.0,2.0,34.0,1.3,16.0,,10.0,3.99,5.9914,8.0,,1.3,5.9914
Bk,97,297.0,,f,,13.25,125.0,,[Rn] 5f9 7s2,,,,,,,Berkelium,7,10,,,244.0,,168.0,,,#8a4fe3,#ffffff,,,310.0,,,,,,,,,333.9,,,,#8a4fe3,0.19315,340.0,,247.0,,,True,7440-40-6,,,,139.0,,1949.0,30,25.0,40.0,41.0,3.0,34.0,27.75120004,247.07031,0.0,2.0,1323.0,1.3,5.0,0.0,0.0,9.0,7.0,5.0,11.0,,5.0,,14780.0,,22.7,2.0,34.0,1.3,16.0,,11.0,,6.1979,5.0,,1.3,6.1978
Cf,98,295.0,,f,,15.1,122.0,,[Rn] 5f10 7s2,,,,,,900.0,Californium,7,10,,,245.00000000000003,,168.0,,,#a136d4,#ffffff,,,196.0,,,,,,,,,331.3,,,,#a136d4,0.20369,305.0,,251.0,,,True,7440-71-3,,,,140.0,,1950.0,32,20.0,39.0,42.0,3.0,34.0,27.60298332,251.07959,0.0,2.0,1173.0,1.3,4.0,0.0,0.0,10.0,7.0,4.0,12.0,,4.0,,15100.0,,20.5,2.0,34.0,1.3,17.0,,12.0,,6.2817,4.0,,1.3,6.2817
Es,99,292.0,,f,1130.0,,118.0,,[Rn] 5f11 7s2,,,,,,,Einsteinium,7,10,,,245.00000000000003,,165.0,,,#b31fd4,#ffffff,,,133.0,,,,,,,,,329.9,,,,#b31fd4,0.21427,270.0,,252.0,,,True,7429-92-7,,,,140.0,,1952.0,34,20.0,38.0,43.0,3.0,34.0,,252.083,0.0,2.0,1133.0,1.3,3.0,0.0,0.0,11.0,7.0,3.0,13.0,,4.0,,,,19.7,2.0,34.0,1.3,17.0,,13.0,,6.42,4.0,,1.3,6.3676
Fm,100,290.0,,f,,,113.0,,[Rn] 5f12 7s2,,,,,,1800.0,Fermium,7,10,,,245.00000000000003,,167.0,,,#b31fba,#ffffff,,,,,,,,,,,,328.6,,,,#b31fba,0.22485,,,257.0,,,True,7440-72-4,,,,,,1953.0,36,20.0,37.0,44.0,3.0,34.0,,257.09511000000003,0.0,2.0,1800.0,1.3,2.0,0.0,0.0,12.0,7.0,2.0,14.0,,2.0,,,,23.8,2.0,34.0,1.3,17.0,,14.0,,6.5,2.0,,1.3,6.5
Md,101,287.0,,f,,,109.0,,[Rn] 5f13 7s2,,,,,,1100.0,Mendelevium,7,10,,,246.0,,173.0,,,#b30da6,#ffffff,,,,,,,,,,,,327.4,,,,#b30da6,0.23542,,,258.0,,,True,7440-11-1,,,,139.0,,1955.0,38,20.0,36.0,45.0,3.0,34.0,,258.09843,0.0,2.0,1100.0,1.3,1.0,0.0,0.0,13.0,7.0,1.0,15.0,,1.0,,,,18.2,2.0,34.0,1.3,17.0,,15.0,,6.58,1.0,,1.3,6.58
No,102,285.0,,f,,,110.0,,[Rn] 5f14 7s2,,,,,,1100.0,Nobelium,7,10,,,246.0,,176.0,,,#bd0d87,#ffffff,,,,,,,,,,,,324.8,,,,#bd0d87,0.24600000000000002,,,259.0,,,True,10028-14-5,,,,,,1957.0,40,6.0,35.0,46.0,3.0,34.0,,259.101,0.0,2.0,1100.0,1.3,0.0,0.0,0.0,14.0,7.0,0.0,16.0,,0.0,,,,16.4,2.0,34.0,1.3,18.0,,2.0,,6.65,0.0,,1.3,6.65
Lr,103,282.0,,f,,,320.0,,[Rn] 5f14 6d 7s2,,,,,,,Lawrencium,7,8,,,246.0,,161.0,,,#c70066,#ffffff,,,,,,,,,,,,323.6,,,,#c70066,0.24844000000000002,,,262.0,,,True,22537-19-5,,,,141.0,,1961.0,42,20.0,34.0,47.0,3.0,,,,0.0,2.0,1900.0,,,1.0,,14.0,7.0,,,,,,,,,3.0,,,,,,,,,,1.3,4.9
Rf,104,,,d,,,112.0,,[Rn] 5f14 6d2 7s2,,,4.0,,,,Rutherfordium,7,8,,,,,157.0,,,#cc0059,,,,,,,,,,,,,,,,,,,,,267.0,,,True,53850-36-5,,,,140.0,131.0,1969.0,46,10.0,,,,,,,,,,,,,,,,,,,,,,,,,,,,,,,,,,,6.01
Db,105,,,d,,,42.0,,[Rn] 5f14 6d3 7s2,,,5.0,,,,Dubnium,7,8,,,,,149.0,,,#d1004f,,,,,,,,,,,,,,,,,,,,,268.0,,,True,53850-35-4,,,,136.0,126.0,1970.0,50,4.0,,,,,,,,,,,,,,,,,,,,,,,,,,,,,,,,,,,6.8
Sg,106,,,d,,,40.0,,[Rn] 5f14 6d4 7s2,,,6.0,,,,Seaborgium,7,8,,,,,143.0,,,#d90045,,,,,,,,,,,,,,,,,,,,,271.0,,,True,54038-81-2,,,,128.0,121.0,1974.0,54,4.0,,,,,,,,,,,,,,,,,,,,,,,,,,,,,,,,,,,7.8
Bh,107,,,d,,,38.0,,[Rn] 5f14 6d5 7s2,,,7.0,,,,Bohrium,7,8,,,,,141.0,,,#e00038,,,,,,,,,,,,,,,,,,,,,274.0,,,True,54037-14-8,,,,128.0,119.0,1976.0,58,4.0,,,,,,,,,,,,,,,,,,,,,,,,,,,,,,,,,,,7.7
Hs,108,,,d,,,36.0,,[Rn] 5f14 6d6 7s2,,,8.0,,,,Hassium,7,8,,,,,134.0,,,#e6002e,,,,,,,,,,,,,,,,,,,,,269.0,,,True,54037-57-9,,,,125.0,118.0,1984.0,62,4.0,,,,,,,,,,,,,,,,,,,,,,,,,,,,,,,,,,,7.6
Mt,109,,,d,,,34.0,,[Rn] 5f14 6d7 7s2,,,9.0,,,,Meitnerium,7,8,,,,,129.0,,,#eb0026,,,,,,,,,,,,,,,,,,,,,276.0,,,True,54038-01-6,,,,125.0,113.0,1982.0,66,3.0,,,,,,,,,,,,,,,,,,,,,,,,,,,,,,,,,,,
Ds,110,,,d,,,32.0,,[Rn] 5f14 6d9 7s1,,,10.0,,,,Darmstadtium,7,8,,,,,128.0,,,,,,,,,,,,,,,,,,,,,,,,281.0,,,True,54083-77-1,,,,116.0,118.0,1994.0,70,3.0,,,,,,,,,,,,,,,,,,,,,,,,,,,,,,,,,,,
Rg,111,,,d,,,32.0,,[Rn] 5f14 6d10 7s1,,,11.0,,,,Roentgenium,7,8,,,,,121.0,,,,,,,,,,,,,,,,,,,,,,,,281.0,,,True,54386-24-2,,,,116.0,118.0,1994.0,74,6.0,,,,,,,,,,,,,,,,,,,,,,,,,,,,,,,,,,,
Cn,112,,,d,,,28.0,,[Rn] 5f14 6d10 7s2,,,12.0,,,,Copernicium,7,8,,,,,122.0,,,,,,,,,,,,,,,,,,,,,,,,285.0,,,True,54084-26-3,,,,137.0,130.0,1996.0,80,2.0,,,,,,,,,,,,,,,,,,,,,,,,,,,,,,,,,,,
Nh,113,,,p,,,29.0,,[Rn] 5f14 6d10 7s2 7p1,,,13.0,,,,Nihonium,7,7,,,,,136.0,,,,,,,,,,,,,,,,,,,,,,,,286.0,,,True,54084-70-7,,,,,,2015.0,86,2.0,,,,,,,,,,,,,,,,,,,,,,,,,,,,,,,,,,,
Fl,114,,,p,,,31.0,,[Rn] 5f14 6d10 7s2 7p2,,,14.0,,,,Flerovium,7,7,,,,,143.0,,,,,,,,,,,,,,,,,,,,,,,,289.0,,,True,54085-16-4,,,,,,1998.0,92,4.0,,,,,,,,,,,,,,,,,,,,,,,,,,,,,,,,,,,
Mc,115,,,p,,,71.0,,[Rn] 5f14 6d10 7s2 7p3,,,15.0,,,,Moscovium,7,7,,,,,162.0,,,,,,,,,,,,,,,,,,,,,,,,288.0,,,True,54085-64-2,,,,,,2003.0,98,20.0,,,,,,,,,,,,,,,,,,,,,,,,,,,,,,,,,,,
Lv,116,,,p,,,,,[Rn] 5f14 6d10 7s2 7p4,,,16.0,,,,Livermorium,7,7,,,,,175.0,,,,,,,,,,,,,,,,,,,,,,,,293.0,,,True,54100-71-9,,,,,,2000.0,104,,,,,,,,,,,,,,,,,,,,,,,,,,,,,,,,,,,,
Ts,117,,,p,,,76.0,,[Rn] 5f14 6d10 7s2 7p5,,,17.0,,,,Tennessine,7,6,,,,,165.0,,,,,,,,,,,,,,,,,,,,,,,,294.0,,,True,87658-56-8,,,,,,2010.0,111,15.0,,,,,,,,,,,,,,,,,,,,,,,,,,,,,,,,,,,
Og,118,,,p,,,58.0,0.055999999999999994,[Rn] 5f14 6d10 7s2 7p6,,,18.0,,,,Oganesson,7,2,,,,,157.0,,,,,,,,,,,,,,,,,,,,,,,,294.0,,,True,54144-19-3,,,,,,2002.0,118,6.0,,,,,,,,,,,,,,,,,,,,,,,,,,,,,,,,,,,
